{"stats":{"minecraft:broken":{"minecraft:iron_sword":2,"minecraft:iron_hoe":2,"minecraft:diamond_leggings":1,"minecraft:iron_axe":4,"minecraft:iron_pickaxe":2,"minecraft:iron_shovel":4,"minecraft:diamond_boots":1,"minecraft:wooden_axe":1},"minecraft:mined":{"minecraft:white_bed":2,"minecraft:obsidian":1,"minecraft:deepslate_bricks":6,"minecraft:coal_block":16,"vampirism:hunter_table":4,"minecraft:spawner":12,"graveyard:wither_skull_with_rib_cage":1,"minecraft:cobbled_deepslate":2,"minecraft:fire":9,"minecraft:sticky_piston":1,"minecraft:barrel":1,"minecraft:fletching_table":2,"minecraft:deepslate_lapis_ore":15,"minecraft:enchanting_table":1,"minecraft:sculk_shrieker":19,"minecraft:oak_stairs":2,"minecraft:spruce_wood":3,"blue_skies:turquoise_stonebrick":28,"graveyard:dark_iron_trapdoor":1,"minecraft:smoker":1,"minecraft:soul_fire":7,"minecraft:powder_snow":44,"minecraft:torch":9,"minecraft:blast_furnace":1,"minecraft:melon":1,"minecraft:glass":48,"minecraft:cyan_bed":1,"botania:black_mystical_flower":4,"minecraft:amethyst_block":23,"mca:cross_headstone":1,"vampirism:dark_spruce_planks":20,"minecraft:repeater":1,"graveyard:wither_skeleton_hand":1,"vampirism:dark_spruce_leaves":14,"minecraft:jukebox":1,"minecraft:black_bed":1,"minecraft:grass":201,"minecraft:stripped_birch_wood":3,"minecraft:smooth_basalt":12,"minecraft:deepslate":452,"minecraft:deepslate_tiles":21,"minecraft:dark_oak_log":2,"biomesoplenty:desert_grass":10,"botania:red_mushroom":1,"minecraft:spruce_fence":17,"graveyard:tg_deepslate":1,"minecraft:redstone_ore":1,"minecraft:snow":111,"minecraft:andesite":21,"minecraft:vine":2,"minecraft:rail":1,"minecraft:bone_block":2,"vampirism:cursed_earth":195,"minecraft:smithing_table":2,"botania:lime_mystical_flower":6,"minecraft:redstone_block":1,"botania:lime_mushroom":1,"vampirism:cursed_grass":110,"minecraft:cornflower":1,"minecraft:emerald_ore":2,"minecraft:campfire":2,"minecraft:tall_grass":2,"minecraft:copper_ore":2,"minecraft:deepslate_gold_ore":8,"minecraft:cracked_deepslate_bricks":1,"minecraft:diorite":19,"graveyard:dark_iron_block":16,"minecraft:coarse_dirt":1,"graveyard:vase_block":5,"minecraft:stripped_spruce_wood":3,"minecraft:spruce_log":101,"minecraft:birch_leaves":2,"securitycraft:dirt_mine":2,"vampirism:fire_place":3,"minecraft:gravel":120,"minecraft:cobweb":84,"minecraft:acacia_planks":1,"minecraft:chipped_anvil":2,"minecraft:waxed_exposed_cut_copper":1,"minecraft:fern":45,"minecraft:spruce_planks":663,"farmersdelight:rich_soil":1,"minecraft:cobblestone_stairs":2,"minecraft:sculk_vein":365,"minecraft:spruce_trapdoor":1,"minecraft:budding_amethyst":1,"minecraft:grass_block":5585,"vampirism:dark_spruce_log":20,"beyond_earth:earth_globe":1,"minecraft:gilded_blackstone":60,"minecraft:sculk_catalyst":37,"minecraft:iron_ore":170,"graveyard:leaning_wither_skeleton":1,"minecraft:anvil":2,"vampirism:tent":1,"chococraft:gysahl_green":1,"minecraft:end_stone_bricks":3,"minecraft:spruce_slab":7,"minecraft:deepslate_redstone_ore":3,"minecraft:polished_deepslate_stairs":1,"minecraft:calcite":21,"minecraft:chest":48,"minecraft:cobblestone":281,"blue_skies:maple_crafting_table":4,"minecraft:oak_planks":15,"biomesoplenty:goldenrod":9,"vampirism:med_chair":2,"minecraft:light_gray_wool":1,"graveyard:skull_pile":1,"minecraft:cracked_deepslate_tiles":8,"biomesoplenty:clover":2,"minecraft:oak_log":24,"minecraft:dirt":4942,"minecraft:wither_skeleton_skull":1,"minecraft:oak_leaves":41,"minecraft:crying_obsidian":2,"minecraft:tuff":68,"scalinghealth:power_crystal_ore":1,"minecraft:deepslate_diamond_ore":33,"vampirism:vampire_orchid":1,"minecraft:spruce_leaves":472,"minecraft:large_fern":3,"minecraft:hay_block":133,"minecraft:deepslate_brick_slab":1,"minecraft:oxidized_cut_copper":3,"minecraft:furnace":10,"botania:white_mushroom":1,"minecraft:polished_deepslate":8,"minecraft:bookshelf":91,"minecraft:shroomlight":1,"minecraft:deepslate_iron_ore":5,"minecraft:lantern":3,"minecraft:packed_ice":52,"chococraft:straw":5,"minecraft:stone":971,"farmersdelight:cooking_pot":1,"minecraft:podzol":38,"minecraft:scaffolding":2,"minecraft:snow_block":234,"minecraft:soul_torch":5,"minecraft:basalt":5,"vampirism:cursed_spruce_log":24,"vampirism:tent_main":4,"minecraft:crafting_table":9,"minecraft:rose_bush":18,"minecraft:sculk_sensor":225,"biomesoplenty:sprout":2,"minecraft:lapis_ore":5,"minecraft:sculk":5623,"botania:cyan_mystical_flower":1,"minecraft:gray_wool":466,"biomesoplenty:mahogany_log":5,"minecraft:ice":3,"minecraft:gray_bed":3,"vampirism:cursed_roots":1,"minecraft:yellow_bed":8,"minecraft:coal_ore":86,"minecraft:gray_carpet":8},"minecraft:dropped":{"minecraft:iron_sword":5,"minecraft:porkchop":19,"minecraft:lapis_lazuli":12,"minecraft:glass_bottle":17,"minecraft:diamond":3,"minecraft:crafting_table":4,"minecraft:glow_berries":5,"minecraft:saddle":9,"minecraft:rail":11,"graveyard:corruption":2,"minecraft:emerald":4,"minecraft:dirt":93,"minecraft:bone_block":7,"minecraft:iron_pickaxe":1,"minecraft:white_wool":2,"minecraft:bone":80,"graveyard:dark_iron_trapdoor":1,"alexsmobs:gazelle_horn":1,"minecraft:cobbled_deepslate":164,"alexsmobs:animal_dictionary":1,"minecraft:wheat":5,"minecraft:rotten_flesh":45,"chococraft:chocobo_drumstick_cooked":1,"minecraft:oak_planks":16,"minecraft:deepslate_tiles":2,"vampirism:vampire_blood_bottle":3,"vampirism:vampire_fang":5,"minecraft:ladder":3,"minecraft:end_stone_bricks":2,"minecraft:beef":1,"botania:lime_mushroom":1,"vampirism:item_garlic":4,"minecraft:iron_ingot":22,"minecraft:wheat_seeds":127,"vampirism:vampire_book":1,"minecraft:feather":1,"minecraft:iron_helmet":4,"minecraft:cobblestone":40,"minecraft:book":49,"minecraft:apple":1,"minecraft:polished_blackstone_button":2,"minecraft:coal":74,"minecraft:diamond_horse_armor":2,"minecraft:gray_wool":1,"minecraft:golden_carrot":33,"minecraft:wooden_axe":1,"minecraft:rose_bush":10,"minecraft:iron_shovel":2,"minecraft:string":24,"minecraft:spruce_sapling":1,"vampirism:dark_spruce_sapling":2,"minecraft:soul_torch":3,"minecraft:sticky_piston":1,"minecraft:diamond_hoe":3,"minecraft:chicken":1,"minecraft:clay_ball":136,"scalinghealth:power_crystal_shard":7,"minecraft:pumpkin_seeds":2,"minecraft:diamond_sword":2,"minecraft:spruce_planks":40,"minecraft:spruce_trapdoor":1,"minecraft:diamond_pickaxe":1,"minecraft:barrel":1,"minecraft:spider_eye":8,"minecraft:bow":1,"waystones:waystone":1,"vampirism:cursed_spruce_planks":36,"botania:lime_mystical_flower":5,"scalinghealth:bandages":3,"minecraft:black_wool":1,"minecraft:soul_sand":1,"minecraft:stripped_birch_wood":8,"vampirism:heart_seeker_enhanced":3,"minecraft:lantern":13,"minecraft:leather":7,"minecraft:iron_horse_armor":2,"farmersdelight:rice":3,"minecraft:music_disc_13":1,"minecraft:flint":50,"minecraft:mutton":1,"minecraft:snowball":237,"minecraft:pumpkin_pie":24,"vampirism:holy_water_bottle_normal":2,"minecraft:music_disc_otherside":1,"vampirism:blood_bottle":4,"minecraft:diamond_shovel":4,"minecraft:carrot":29,"minecraft:gunpowder":2,"minecraft:acacia_slab":2,"vampirism:hunter_axe_ultimate":1,"minecraft:arrow":3,"minecraft:oak_leaves":3,"minecraft:bread":225,"scalinghealth:cursed_heart":1,"minecraft:bookshelf":5,"scalinghealth:heart_crystal_shard":2,"minecraft:lead":1,"undergarden:gloomgourd_seeds":3,"minecraft:amethyst_block":19,"minecraft:stick":30,"tombstone:magic_scroll":2,"minecraft:torch":9,"tombstone:grave_key":1,"minecraft:repeater":1,"minecraft:melon_slice":6,"tombstone:grave_dust":3,"minecraft:iron_leggings":2,"minecraft:iron_axe":3,"minecraft:music_disc_cat":1,"minecraft:smooth_basalt":7,"minecraft:nether_wart":34,"minecraft:coarse_dirt":2,"minecraft:raw_copper":5,"minecraft:jukebox":1,"blue_skies:moonstone_shard":2,"vampirism:heart_striker_enhanced":1,"minecraft:flint_and_steel":3,"minecraft:shield":3,"botania:cyan_mystical_flower":1,"minecraft:iron_chestplate":1,"minecraft:oak_sapling":1,"minecraft:stone_pickaxe":1,"minecraft:wooden_pickaxe":1,"minecraft:calcite":12},"minecraft:picked_up":{"minecraft:wooden_axe":1,"minecraft:anvil":2,"minecraft:smithing_table":2,"minecraft:lead":3,"minecraft:diamond_sword":2,"minecraft:oak_stairs":2,"minecraft:amethyst_block":20,"minecraft:polished_deepslate":6,"minecraft:string":54,"minecraft:beetroot":1,"vampirism:obi_belt":1,"alexsmobs:emu_feather":1,"minecraft:diamond_leggings":1,"minecraft:gold_nugget":15,"minecraft:cobbled_deepslate":501,"minecraft:spruce_planks":1150,"minecraft:hopper_minecart":1,"minecraft:melon_slice":6,"minecraft:coal_block":21,"minecraft:jukebox":1,"minecraft:warped_button":1,"alexsmobs:centipede_leg":1,"vampirism:hunter_table":4,"vampirism:blood_bottle":20,"farmersdelight:onion":3,"minecraft:bookshelf":5,"minecraft:snowball":680,"vampirism:heart_seeker_enhanced":3,"minecraft:birch_log":11,"minecraft:feather":7,"vampirism:med_chair":3,"farmersdelight:rice":3,"minecraft:smoker":1,"minecraft:flint":48,"minecraft:stripped_spruce_wood":3,"minecraft:lantern":32,"minecraft:chipped_anvil":2,"vampirism:cursed_spruce_log":24,"vampirism:ring":1,"scalinghealth:enchanted_heart":3,"minecraft:dark_oak_log":2,"minecraft:barrel":2,"alexsmobs:animal_dictionary":1,"minecraft:bundle":4,"alexsmobs:kangaroo_hide":1,"botania:orange_mushroom":1,"blue_skies:turquoise_stonebrick":28,"minecraft:bread":21,"minecraft:crafting_table":12,"minecraft:coarse_dirt":2,"vampirism:dark_spruce_log":20,"minecraft:clay_ball":200,"minecraft:nether_wart":34,"graveyard:dark_iron_ingot":8,"vampirism:heart_striker_enhanced":1,"minecraft:cornflower":1,"artifacts:power_glove":1,"minecraft:flint_and_steel":1,"vampirism:cursed_earth":293,"minecraft:music_disc_otherside":1,"minecraft:beef":1,"minecraft:spruce_slab":6,"minecraft:chest":47,"minecraft:birch_sapling":1,"minecraft:diamond_hoe":3,"minecraft:egg":6,"minecraft:spruce_fence":16,"minecraft:carrot":80,"minecraft:redstone":5,"minecraft:beetroot_seeds":3,"minecraft:deepslate_bricks":6,"minecraft:hay_block":133,"minecraft:cracked_deepslate_bricks":1,"minecraft:glow_berries":5,"blue_skies:moonstone_shard":2,"minecraft:mutton":11,"minecraft:rail":11,"minecraft:bone_block":7,"alexsmobs:kangaroo_meat":11,"minecraft:white_wool":5,"vampirism:vampire_blood_bottle":6,"vampirism:item_tent":5,"minecraft:oak_log":173,"scalinghealth:bandages":11,"botania:red_mushroom":1,"chococraft:chocobo_feather":1,"chococraft:gysahl_green":3,"minecraft:apple":7,"farmersdelight:cooking_pot":2,"scalinghealth:power_crystal_shard":9,"tombstone:bag_of_seeds":3,"minecraft:glass_bottle":5,"minecraft:gray_bed":3,"minecraft:iron_sword":4,"minecraft:smooth_basalt":7,"vampirism:fire_place":3,"minecraft:red_wool":1,"minecraft:spruce_sapling":104,"botania:lime_mushroom":1,"minecraft:spruce_log":328,"minecraft:crying_obsidian":2,"vampirism:hunter_axe_ultimate":1,"biomesoplenty:mahogany_log":5,"minecraft:diamond_shovel":4,"minecraft:gray_wool":454,"vampirism:vampire_orchid":1,"minecraft:ender_pearl":4,"minecraft:wheat":47,"minecraft:redstone_block":1,"botania:blue_mushroom":1,"savage_and_ravage:wand_of_freezing":1,"minecraft:gilded_blackstone":54,"alexsmobs:gazelle_horn":5,"minecraft:raw_copper":10,"minecraft:iron_leggings":1,"minecraft:sticky_piston":2,"vampirism:dark_spruce_planks":21,"minecraft:deepslate_tiles":19,"minecraft:rose_bush":20,"minecraft:calcite":18,"minecraft:iron_pickaxe":4,"minecraft:furnace":10,"minecraft:stick":100,"minecraft:polished_deepslate_stairs":1,"minecraft:torch":13,"botania:black_mushroom":1,"minecraft:porkchop":27,"vampirism:vampire_fang":8,"tombstone:grave_dust":25,"minecraft:diorite":3,"graveyard:dark_iron_trapdoor":1,"minecraft:rotten_flesh":107,"blue_skies:maple_crafting_table":4,"alexsmobs:emu_egg":2,"chococraft:chocobo_drumstick_raw":3,"minecraft:stripped_birch_wood":8,"minecraft:obsidian":1,"minecraft:cobblestone":1124,"minecraft:enchanting_table":1,"vampirism:vampire_book":3,"minecraft:repeater":2,"minecraft:black_bed":1,"minecraft:potato":20,"minecraft:tuff":24,"minecraft:wither_skeleton_skull":2,"minecraft:dirt":10554,"minecraft:lapis_lazuli":359,"minecraft:bone":161,"botania:cyan_mystical_flower":1,"minecraft:acacia_planks":1,"minecraft:bow":3,"minecraft:wheat_seeds":327,"minecraft:deepslate_brick_slab":1,"minecraft:raw_gold":22,"vampirism:item_garlic":4,"minecraft:fletching_table":2,"minecraft:bamboo":31,"minecraft:oak_planks":17,"securitycraft:dirt_mine":2,"vampirism:dark_spruce_sapling":2,"minecraft:cyan_bed":1,"minecraft:grass_block":136,"vampirism:pure_blood_0":2,"minecraft:diamond":68,"minecraft:soul_lantern":1,"waystones:waystone":3,"minecraft:polished_blackstone_button":4,"scalinghealth:cursed_heart":3,"minecraft:emerald":2,"minecraft:oak_sapling":37,"minecraft:oak_leaves":3,"minecraft:end_stone_bricks":4,"minecraft:charcoal":4,"minecraft:ladder":6,"minecraft:chicken":1,"artifacts:night_vision_goggles":1,"botania:white_mushroom":2,"minecraft:wooden_pickaxe":1,"minecraft:diamond_horse_armor":3,"minecraft:shield":4,"minecraft:iron_axe":1,"minecraft:blackstone":1,"graveyard:corruption":15,"scalinghealth:chance_heart":3,"alexsmobs:elastic_tendon":1,"chococraft:straw":5,"minecraft:light_gray_wool":1,"minecraft:spruce_trapdoor":1,"minecraft:raw_iron":242,"minecraft:iron_horse_armor":1,"minecraft:arrow":67,"botania:lime_mystical_flower":6,"minecraft:saddle":5,"minecraft:cracked_deepslate_tiles":8,"farmersdelight:rich_soil":1,"minecraft:basalt":5,"minecraft:glow_ink_sac":4,"biomesoplenty:goldenrod":11,"minecraft:leather":10,"minecraft:yellow_bed":8,"minecraft:gunpowder":14,"minecraft:cobblestone_stairs":2,"scalinghealth:heart_crystal":24,"beyond_earth:earth_globe":1,"botania:black_mystical_flower":4,"minecraft:gray_carpet":10,"minecraft:spruce_wood":3,"minecraft:iron_ingot":28,"artifacts:kitty_slippers":1,"vampirism:altar_cleansing":1,"minecraft:soul_sand":1,"minecraft:book":322,"minecraft:scaffolding":3,"scalinghealth:heart_crystal_shard":28,"graveyard:dark_iron_block":16,"minecraft:soul_torch":5,"chococraft:gysahl_green_seeds":1,"minecraft:blast_furnace":1,"minecraft:white_bed":2,"minecraft:spruce_door":1,"minecraft:spider_eye":15,"minecraft:pumpkin_seeds":2,"minecraft:iron_helmet":2,"minecraft:terracotta":158,"tombstone:magic_scroll":13,"minecraft:acacia_slab":2,"minecraft:coal":439},"minecraft:custom":{"minecraft:interact_with_crafting_table":120,"minecraft:open_barrel":78,"minecraft:leave_game":20,"minecraft:time_since_death":707115,"minecraft:damage_blocked_by_shield":1888,"minecraft:play_time":1455047,"minecraft:deaths":9,"minecraft:jump":20583,"minecraft:enchant_item":12,"minecraft:interact_with_furnace":99,"minecraft:play_record":1,"minecraft:sleep_in_bed":52,"minecraft:waystone_activated":9,"minecraft:damage_dealt":142532,"tombstone:undead_killed":262,"minecraft:interact_with_smoker":16,"minecraft:horse_one_cm":2359882,"minecraft:interact_with_smithing_table":4,"minecraft:interact_with_anvil":18,"minecraft:sneak_time":153643,"minecraft:interact_with_lectern":2,"minecraft:interact_with_blast_furnace":22,"minecraft:total_world_time":1455047,"tombstone:raider_killed":3,"minecraft:interact_with_stonecutter":5,"minecraft:time_since_rest":139036,"minecraft:swim_one_cm":199012,"minecraft:fly_one_cm":4064435,"minecraft:open_chest":1268,"minecraft:fall_one_cm":696673,"minecraft:damage_resisted":41986,"minecraft:sprint_one_cm":3530988,"minecraft:drop":307,"minecraft:talked_to_villager":4,"minecraft:walk_on_water_one_cm":115290,"tombstone:steal_effect":70,"minecraft:crouch_one_cm":739361,"tombstone:villager_killed":2,"minecraft:mob_kills":452,"minecraft:damage_dealt_resisted":8163,"minecraft:climb_one_cm":25319,"minecraft:walk_one_cm":4040403,"minecraft:walk_under_water_one_cm":99276,"minecraft:interact_with_grindstone":1,"minecraft:damage_taken":663533,"minecraft:damage_absorbed":778,"minecraft:trigger_trapped_chest":1},"minecraft:killed":{"vampirism:vampire":26,"minecraft:cave_spider":11,"vampirism:advanced_vampire":12,"alexsmobs:murmur":1,"graveyard:wraith":25,"minecraft:skeleton":48,"vampirism:blinding_bat":2,"graveyard:acolyte":4,"alexsmobs:leafcutter_ant":14,"minecraft:chicken":1,"alexsmobs:centipede_head":2,"vampirism:vampire_baron":2,"minecraft:zombie":73,"minecraft:glow_squid":1,"minecraft:cow":1,"mca:female_zombie_villager":1,"mca:male_zombie_villager":2,"graveyard:corrupted_vindicator":5,"alexsmobs:seagull":3,"creeperoverhaul:snowy_creeper":1,"vampirism:villager_converted":1,"graveyard:ghoul":51,"minecraft:wandering_trader":1,"alexsmobs:rhinoceros":3,"alexsmobs:catfish":1,"alexsmobs:elephant":1,"savage_and_ravage:iceologer":1,"minecraft:enderman":3,"minecraft:witch":1,"minecraft:spider":29,"alexsmobs:kangaroo":4,"artifacts:mimic":2,"minecraft:pig":1,"alexsmobs:grizzly_bear":3,"minecraft:creeper":10,"minecraft:sheep":1,"minecraft:trader_llama":2,"minecraft:stray":1,"graveyard:corrupted_pillager":1,"savage_and_ravage:skeleton_villager":1,"graveyard:revenant":17,"minecraft:phantom":1,"minecraft:drowned":1,"minecraft:hoglin":7,"alexsmobs:emu":1,"alexsmobs:gazelle":2,"alexsmobs:crow":1,"minecraft:wither_skeleton":40},"minecraft:killed_by":{"vampirism:vampire":1,"minecraft:warden":5,"minecraft:wither_skeleton":1,"graveyard:skeleton_creeper":1},"minecraft:crafted":{"minecraft:smooth_stone":4,"minecraft:diamond_shovel":3,"minecraft:bookshelf":36,"minecraft:cooked_mutton":9,"minecraft:glass":64,"minecraft:diamond_helmet":1,"minecraft:diamond_leggings":1,"minecraft:gray_bed":1,"minecraft:diamond_axe":1,"minecraft:spruce_door":3,"vampirism:dark_spruce_planks":80,"minecraft:iron_block":3,"minecraft:netherite_ingot":1,"minecraft:jukebox":2,"minecraft:diamond_hoe":2,"minecraft:red_terracotta":8,"minecraft:bone_meal":9,"minecraft:spruce_fence":66,"minecraft:spruce_slab":306,"minecraft:stone_pickaxe":1,"minecraft:diamond_boots":2,"minecraft:dark_oak_planks":8,"minecraft:wheat":1143,"minecraft:enchanting_table":1,"minecraft:wooden_axe":2,"minecraft:iron_shovel":7,"minecraft:iron_leggings":1,"graveyard:dark_iron_block":8,"securitycraft:mine":12,"minecraft:oak_planks":424,"minecraft:stone":72,"minecraft:bow":1,"minecraft:iron_boots":1,"tombstone:grave_key":1,"vampirism:coffin_gray":1,"minecraft:chest":62,"chococraft:straw":16,"minecraft:crafting_table":8,"minecraft:spruce_planks":384,"minecraft:baked_potato":21,"minecraft:iron_helmet":1,"minecraft:birch_planks":24,"minecraft:iron_chestplate":1,"minecraft:diamond_pickaxe":12,"minecraft:stick":236,"minecraft:iron_ingot":164,"minecraft:snow_block":91,"minecraft:black_bed":1,"minecraft:gray_carpet":111,"vanillaplustools:diamond_hammer":1,"minecraft:shears":1,"minecraft:raw_iron":63,"minecraft:coal":54,"chococraft:chocobo_drumstick_cooked":1,"biomesoplenty:mahogany_planks":20,"vampirism:cursed_spruce_planks":44,"minecraft:furnace":13,"graveyard:dark_iron_ingot":208,"minecraft:iron_axe":6,"minecraft:iron_hoe":2,"minecraft:red_dye":1,"minecraft:diamond_sword":2,"minecraft:iron_sword":4,"minecraft:bucket":1,"minecraft:bread":384,"minecraft:air":0,"securitycraft:dirt_mine":6,"minecraft:stonecutter":1,"minecraft:anvil":1,"minecraft:torch":160,"minecraft:diamond_chestplate":1},"minecraft:used":{"minecraft:spruce_slab":218,"minecraft:chest":105,"botania:orange_mushroom":1,"minecraft:cracked_deepslate_tiles":8,"minecraft:snowball":86,"minecraft:grass_block":136,"minecraft:bow":271,"vampirism:dark_spruce_planks":80,"minecraft:furnace":22,"minecraft:egg":3,"minecraft:potato":2,"minecraft:end_stone_bricks":2,"minecraft:spruce_door":2,"minecraft:wooden_pickaxe":3,"blue_skies:turquoise_stonebrick":14,"minecraft:golden_apple":22,"minecraft:glow_berries":1,"minecraft:blast_furnace":1,"scalinghealth:cursed_heart":1,"scalinghealth:enchanted_heart":3,"vampirism:cursed_earth":230,"minecraft:soul_lantern":1,"minecraft:diamond_sword":1763,"vampirism:altar_cleansing":1,"minecraft:smithing_table":1,"botania:white_mushroom":1,"minecraft:enchanting_table":2,"vampirism:heart_seeker_enhanced":6,"minecraft:torch":164,"minecraft:anvil":3,"minecraft:chipped_anvil":2,"minecraft:iron_axe":988,"blue_skies:maple_crafting_table":4,"minecraft:diamond_chestplate":2,"securitycraft:dirt_mine":8,"farmersdelight:cooking_pot":2,"tombstone:gift":7,"minecraft:acacia_planks":1,"minecraft:cobbled_deepslate":99,"vampirism:fire_place":2,"minecraft:water_bucket":76,"minecraft:fletching_table":1,"minecraft:gilded_blackstone":5,"minecraft:crafting_table":16,"vampirism:hunter_table":4,"minecraft:white_bed":2,"minecraft:spruce_log":119,"minecraft:oak_log":3,"minecraft:diamond_pickaxe":1847,"minecraft:diamond_shovel":10235,"chococraft:gysahl_green_seeds":1,"minecraft:iron_pickaxe":573,"alexsmobs:kangaroo_meat":1,"tombstone:magic_scroll":7,"minecraft:spruce_sapling":8,"minecraft:cobblestone":722,"minecraft:potion":6,"minecraft:candle":4,"minecraft:jukebox":2,"minecraft:diamond_leggings":2,"minecraft:iron_shovel":1007,"minecraft:diamond_hoe":5790,"vampirism:heart_striker_enhanced":4,"minecraft:shield":50,"minecraft:iron_sword":589,"minecraft:bell":1,"chococraft:chocobo_drumstick_cooked":2,"minecraft:carrot":24,"minecraft:glass":48,"vampirism:item_tent":4,"minecraft:lantern":6,"chococraft:straw":5,"minecraft:hay_block":6,"minecraft:scaffolding":3,"minecraft:gray_bed":4,"vampirism:coffin_gray":1,"minecraft:diamond_boots":1,"minecraft:wither_skeleton_skull":1,"minecraft:gray_carpet":121,"minecraft:stone_pickaxe":20,"minecraft:oak_planks":7,"minecraft:ender_pearl":1,"minecraft:diamond_axe":480,"minecraft:white_wool":2,"vanillaplustools:diamond_hammer":15,"biomesoplenty:goldenrod":1,"minecraft:black_bed":2,"minecraft:shears":180,"waystones:waystone":2,"minecraft:cyan_bed":1,"minecraft:bread":114,"minecraft:string":3,"tombstone:grave_key":1,"chococraft:gysahl_green":1,"vampirism:med_chair":1,"minecraft:warped_button":1,"minecraft:bone_meal":9,"biomesoplenty:mahogany_planks":20,"minecraft:music_disc_otherside":1,"minecraft:spruce_planks":750,"beyond_earth:earth_globe":2,"farmersdelight:rich_soil":1,"minecraft:dirt":10578,"scalinghealth:heart_crystal":21,"minecraft:spruce_fence":43,"minecraft:iron_hoe":504,"minecraft:wooden_axe":60,"minecraft:bookshelf":31,"minecraft:golden_carrot":10,"alexsmobs:banana":9,"minecraft:cooked_mutton":9,"minecraft:cobblestone_stairs":26,"minecraft:baked_potato":31,"scalinghealth:chance_heart":3,"minecraft:stonecutter":1,"farmersdelight:onion":1,"minecraft:smoker":1,"tombstone:bag_of_seeds":4,"minecraft:apple":22,"minecraft:map":1,"vampirism:cursed_spruce_log":9,"minecraft:bucket":77,"minecraft:yellow_bed":8,"minecraft:polished_blackstone_button":2,"minecraft:gray_wool":330,"minecraft:splash_potion":3,"minecraft:soul_torch":29,"alexsmobs:emu_egg":2}},"DataVersion":3120}