{"stats":{"minecraft:dropped":{"minecraft:iron_sword":1,"minecraft:glass_bottle":1,"minecraft:crafting_table":1,"minecraft:rail":2,"minecraft:dirt":647,"minecraft:grass":2,"minecraft:wooden_sword":1,"minecraft:bone_meal":13,"minecraft:iron_pickaxe":2,"minecraft:bone":5,"minecraft:cobbled_deepslate":153,"minecraft:wheat":1,"minecraft:rotten_flesh":92,"alexsmobs:emu_egg":1,"minecraft:beef":1,"botania:light_gray_mystical_flower":2,"minecraft:egg":3,"vampirism:item_garlic":2,"minecraft:enchanted_book":1,"minecraft:iron_ingot":8,"minecraft:black_dye":2,"minecraft:wheat_seeds":59,"minecraft:deepslate_brick_wall":2,"minecraft:feather":2,"minecraft:cobblestone":83,"minecraft:book":49,"minecraft:apple":2,"chococraft:gysahl_green_seeds":1,"minecraft:spruce_button":1,"minecraft:spruce_door":2,"minecraft:yellow_carpet":1,"minecraft:coal":1,"botania:light_blue_mystical_flower":1,"minecraft:gray_wool":2,"minecraft:golden_carrot":6,"vampirism:cursed_earth":1,"biomesoplenty:glowshroom":2,"vampirism:ring":1,"minecraft:iron_shovel":3,"minecraft:string":23,"minecraft:spruce_sapling":61,"minecraft:stone_sword":1,"minecraft:chicken":2,"minecraft:clay_ball":68,"minecraft:iron_boots":1,"minecraft:stone_slab":1,"minecraft:diamond_sword":4,"minecraft:spruce_planks":7,"minecraft:yellow_bed":1,"minecraft:spider_eye":2,"minecraft:diamond_axe":1,"minecraft:golden_pickaxe":2,"minecraft:ender_pearl":1,"mca:bouquet":1,"minecraft:jungle_planks":1,"alexsmobs:bison_fur":1,"minecraft:spruce_leaves":287,"artifacts:night_vision_goggles":1,"minecraft:mutton":2,"minecraft:snowball":726,"botania:brown_mystical_flower":4,"vampirism:holy_water_bottle_enhanced":1,"minecraft:carrot":31,"minecraft:chest":1,"vampirism:hunter_axe_ultimate":1,"minecraft:iron_bars":1,"minecraft:arrow":5,"minecraft:netherrack":1,"biomesoplenty:clover":1,"scalinghealth:cursed_heart":1,"minecraft:bookshelf":5,"minecraft:lead":1,"minecraft:copper_ingot":7,"minecraft:stick":2,"tombstone:magic_scroll":1,"scalinghealth:heart_crystal":1,"minecraft:repeater":1,"chococraft:chocobo_drumstick_raw":3,"minecraft:melon_slice":1,"tombstone:grave_dust":1,"minecraft:fire_charge":1,"minecraft:iron_leggings":2,"minecraft:wither_rose":1,"vampirism:obi_belt":1,"minecraft:tuff":14,"vampirism:heart_striker_enhanced":3,"minecraft:flint_and_steel":1,"botania:pink_mushroom":1,"minecraft:shield":1,"minecraft:stone_pickaxe":1,"minecraft:wooden_pickaxe":1,"minecraft:raw_gold":1,"minecraft:cracked_deepslate_bricks":4},"minecraft:broken":{"minecraft:shears":6,"minecraft:iron_boots":2,"minecraft:iron_chestplate":4,"minecraft:iron_leggings":3,"vanillaplustools:iron_shovel":4,"minecraft:iron_sword":1,"minecraft:iron_axe":4,"minecraft:iron_pickaxe":3,"minecraft:iron_helmet":5,"minecraft:iron_shovel":3,"vanillaplustools:iron_hammer":2,"minecraft:diamond_boots":1,"minecraft:diamond_sword":1},"minecraft:picked_up":{"minecraft:flower_pot":1,"minecraft:anvil":2,"minecraft:lead":6,"minecraft:diamond_sword":4,"minecraft:enchanted_book":2,"minecraft:brewing_stand":2,"minecraft:amethyst_block":10,"minecraft:music_disc_cat":1,"minecraft:string":59,"vampirism:obi_belt":1,"alexsmobs:emu_feather":1,"minecraft:gold_nugget":11,"minecraft:cobbled_deepslate":2153,"minecraft:spruce_planks":57,"minecraft:melon_slice":124,"minecraft:dark_oak_door":2,"minecraft:jukebox":1,"minecraft:acacia_log":7,"minecraft:deepslate_tile_stairs":8,"minecraft:black_dye":2,"vampirism:blood_bottle":4,"minecraft:red_tulip":1,"minecraft:bookshelf":5,"minecraft:iron_bars":1,"minecraft:snowball":750,"minecraft:birch_log":75,"minecraft:feather":6,"minecraft:jungle_log":49,"farmersdelight:safety_net":3,"minecraft:smoker":2,"alexsmobs:bison_fur":2,"minecraft:flint":8,"minecraft:magenta_bed":4,"minecraft:chipped_anvil":2,"minecraft:stonecutter":1,"minecraft:glowstone_dust":1,"vampirism:cursed_spruce_log":5,"vampirism:ring":2,"alexsmobs:crocodile_egg":3,"scalinghealth:enchanted_heart":1,"minecraft:dark_oak_log":142,"minecraft:bundle":5,"blue_skies:turquoise_stonebrick":1,"minecraft:spruce_button":4,"minecraft:diamond_pickaxe":1,"minecraft:spruce_leaves":897,"minecraft:coarse_dirt":1,"minecraft:crafting_table":26,"minecraft:redstone_lamp":17,"minecraft:clay_ball":68,"minecraft:golden_pickaxe":1,"vampirism:heart_striker_enhanced":3,"artifacts:power_glove":1,"minecraft:iron_shovel":3,"graveyard:soul_fire_brazier":1,"vampirism:cursed_earth":1,"minecraft:music_disc_otherside":1,"minecraft:beef":23,"minecraft:spruce_slab":12,"minecraft:chest":3,"minecraft:birch_sapling":12,"globalxp:xp_block":1,"minecraft:piston":3,"minecraft:egg":6,"minecraft:stone":39,"minecraft:spruce_fence":16,"botania:pink_mushroom":1,"minecraft:carrot":344,"minecraft:redstone":29,"minecraft:tnt":1,"minecraft:deepslate_bricks":399,"minecraft:hay_block":2,"minecraft:cracked_deepslate_bricks":8,"tombstone:essence_of_undeath":1,"minecraft:mutton":11,"minecraft:glow_berries":1,"minecraft:rail":4,"minecraft:white_wool":12,"vampirism:vampire_blood_bottle":3,"alexsmobs:skreecher_soul":1,"waystones:sandy_waystone":1,"minecraft:oak_log":198,"scalinghealth:bandages":10,"biomesoplenty:glowing_moss_carpet":2,"scalinghealth:medkit":2,"comforts:rope_and_nail":4,"chococraft:chocobo_feather":10,"chococraft:gysahl_green":19,"minecraft:apple":4,"farmersdelight:cooking_pot":1,"minecraft:spore_blossom":1,"scalinghealth:power_crystal_shard":22,"tombstone:bag_of_seeds":3,"minecraft:gravel":1,"minecraft:spruce_sapling":111,"minecraft:spruce_log":547,"minecraft:crying_obsidian":2,"vampirism:hunter_axe_ultimate":1,"biomesoplenty:mahogany_log":47,"minecraft:gray_wool":107,"vampirism:vampire_orchid":1,"botania:brown_mystical_flower":4,"minecraft:hopper":8,"minecraft:ender_pearl":8,"minecraft:chiseled_deepslate":11,"minecraft:wheat":32,"chococraft:loverly_gysahl_green":1,"minecraft:gilded_blackstone":26,"vampirism:dark_spruce_planks":1,"minecraft:zombie_head":1,"minecraft:experience_bottle":1,"minecraft:deepslate_tiles":6,"minecraft:iron_pickaxe":1,"minecraft:deepslate_tile_wall":15,"minecraft:furnace":6,"minecraft:stick":81,"minecraft:deepslate_brick_wall":27,"minecraft:polished_deepslate_stairs":1,"minecraft:torch":20,"minecraft:porkchop":5,"vampirism:holy_water_bottle_enhanced":1,"tombstone:grave_dust":41,"vampirism:vampire_fang":5,"graveyard:dark_iron_trapdoor":2,"minecraft:rotten_flesh":189,"botania:light_gray_mystical_flower":2,"biomesoplenty:mahogany_sapling":1,"vampirism:pure_blood_2":1,"alexsmobs:emu_egg":2,"chococraft:chocobo_drumstick_cooked":1,"chococraft:chocobo_drumstick_raw":4,"minecraft:deepslate_brick_stairs":20,"minecraft:obsidian":10,"minecraft:cod":2,"minecraft:cobblestone":2972,"minecraft:enchanting_table":1,"minecraft:repeater":1,"minecraft:andesite":1,"biomesoplenty:glowshroom":2,"minecraft:potato":6,"minecraft:tuff":17,"minecraft:acacia_boat":5,"minecraft:wither_skeleton_skull":1,"minecraft:lapis_lazuli":69,"minecraft:dirt":8193,"minecraft:bone":93,"minecraft:bow":1,"minecraft:wheat_seeds":119,"minecraft:raw_gold":93,"minecraft:deepslate_brick_slab":44,"vampirism:pure_blood_1":3,"minecraft:grindstone":1,"minecraft:bamboo":12,"minecraft:oak_planks":2,"biomesoplenty:clover":1,"minecraft:music_disc_13":1,"botania:yellow_double_flower":1,"minecraft:jungle_planks":8,"minecraft:sand":130,"minecraft:grass_block":2,"vampirism:pure_blood_0":3,"minecraft:yellow_carpet":1,"minecraft:sugar":2,"minecraft:diamond":9,"waystones:waystone":4,"minecraft:grass":2,"scalinghealth:cursed_heart":4,"minecraft:oak_sapling":30,"minecraft:netherrack":1,"mca:bouquet":1,"minecraft:cocoa_beans":15,"minecraft:chicken":2,"minecraft:gold_block":2,"graveyard:corruption":63,"scalinghealth:chance_heart":4,"minecraft:phantom_membrane":7,"minecraft:raw_iron":160,"minecraft:copper_ingot":7,"artifacts:vampiric_glove":1,"minecraft:stone_button":1,"alexsmobs:leafcutter_ant_pupa":1,"alexsmobs:crocodile_scute":2,"minecraft:dark_oak_planks":1,"minecraft:arrow":71,"minecraft:pumpkin_pie":24,"minecraft:saddle":1,"minecraft:skeleton_skull":2,"minecraft:cracked_deepslate_tiles":3,"minecraft:golden_carrot":33,"minecraft:leather":29,"minecraft:birch_planks":4,"securitycraft:keypad_chest":11,"minecraft:yellow_bed":1,"minecraft:gunpowder":3,"scalinghealth:heart_crystal":33,"minecraft:deepslate_tile_slab":59,"botania:light_blue_mystical_flower":3,"cfm:stripped_oak_table":3,"minecraft:gray_carpet":12,"chococraft:gold_gysahl":1,"biomesoplenty:glowworm_silk":1,"minecraft:iron_ingot":6,"vampirism:altar_cleansing":1,"minecraft:book":193,"scalinghealth:heart_crystal_shard":93,"minecraft:amethyst_shard":8,"chococraft:gysahl_green_seeds":7,"minecraft:blast_furnace":17,"minecraft:spruce_door":2,"minecraft:spider_eye":18,"artifacts:helium_flamingo":1,"minecraft:stripped_jungle_wood":2,"tombstone:magic_scroll":6,"minecraft:coal":308},"minecraft:killed_by":{"minecraft:warden":2},"minecraft:crafted":{"minecraft:smooth_stone":3,"globalxp:xp_block":1,"vampirism:altar_cleansing":1,"waystones:waystone":1,"securitycraft:keypad_item":5,"minecraft:bookshelf":15,"minecraft:cooked_mutton":8,"minecraft:iron_bars":16,"minecraft:deepslate_brick_stairs":7,"minecraft:glass":96,"vanillaplustools:iron_hammer":3,"scalinghealth:power_crystal":2,"minecraft:spruce_door":3,"waystones:warp_stone":1,"minecraft:chiseled_deepslate":1,"comforts:rope_and_nail":2,"minecraft:iron_pickaxe":30,"minecraft:iron_block":23,"minecraft:acacia_door":3,"minecraft:gold_ingot":141,"minecraft:golden_carrot":58,"mca:bouquet":1,"minecraft:bone_meal":234,"minecraft:spruce_fence":324,"chococraft:chocobo_saddle_bags":1,"minecraft:deepslate_brick_wall":20,"securitycraft:universal_block_remover":1,"minecraft:spruce_slab":144,"minecraft:stone_pickaxe":1,"minecraft:diamond_boots":1,"minecraft:deepslate_tile_wall":12,"minecraft:redstone_block":1,"minecraft:dark_oak_planks":20,"minecraft:wheat":9,"minecraft:coal_block":40,"minecraft:enchanting_table":1,"minecraft:deepslate_brick_slab":10,"minecraft:iron_shovel":39,"minecraft:iron_leggings":5,"chococraft:chocobo_saddle":2,"minecraft:grindstone":1,"minecraft:oak_planks":96,"minecraft:dark_oak_boat":1,"minecraft:stone":37,"comforts:hammock_white":1,"minecraft:heavy_weighted_pressure_plate":5,"minecraft:spruce_pressure_plate":32,"farmersdelight:safety_net":1,"securitycraft:laser_block":1,"minecraft:dark_oak_door":3,"minecraft:bow":1,"minecraft:iron_boots":3,"minecraft:chest":36,"minecraft:smoker":6,"minecraft:crafting_table":7,"minecraft:spruce_planks":1232,"minecraft:wooden_pickaxe":1,"minecraft:iron_helmet":5,"minecraft:gold_block":13,"minecraft:birch_planks":300,"minecraft:black_shulker_box":1,"minecraft:totem_of_undying":2,"minecraft:iron_chestplate":6,"minecraft:diamond_pickaxe":1,"minecraft:shield":2,"minecraft:stick":360,"minecraft:iron_ingot":472,"minecraft:stone_sword":1,"minecraft:shears":8,"minecraft:deepslate_tile_slab":12,"securitycraft:universal_block_reinforcer_lvl1":1,"chococraft:chocobo_saddle_pack":1,"minecraft:wooden_sword":1,"minecraft:coal":63,"minecraft:fishing_rod":1,"chococraft:chocobo_drumstick_cooked":1,"biomesoplenty:mahogany_planks":4,"minecraft:spruce_button":1,"vanillaplustools:iron_shovel":4,"vampirism:cursed_spruce_planks":16,"minecraft:furnace":16,"minecraft:stone_button":40,"minecraft:blast_furnace":1,"minecraft:piston":1,"minecraft:glass_pane":128,"minecraft:iron_axe":4,"minecraft:cooked_beef":6,"minecraft:diamond_sword":2,"minecraft:iron_sword":1,"scalinghealth:heart_crystal":8,"minecraft:bucket":2,"minecraft:stone_axe":1,"minecraft:air":0,"minecraft:acacia_boat":1,"minecraft:bread":6,"minecraft:jungle_planks":160,"minecraft:gold_nugget":468,"minecraft:stonecutter":1,"minecraft:acacia_planks":28,"minecraft:torch":156},"minecraft:mined":{"minecraft:dark_oak_planks":1,"alexsmobs:leafcutter_anthill":1,"minecraft:obsidian":10,"minecraft:acacia_log":7,"minecraft:deepslate_tile_wall":15,"minecraft:yellow_carpet":1,"minecraft:jungle_log":6,"minecraft:deepslate_bricks":453,"minecraft:deepslate_tile_stairs":8,"minecraft:hopper":8,"minecraft:spawner":6,"minecraft:cobbled_deepslate":8,"minecraft:fire":14,"minecraft:deepslate_lapis_ore":10,"minecraft:enchanting_table":1,"minecraft:sculk_shrieker":11,"biomesoplenty:glowshroom_block":2,"minecraft:dirt_path":1,"minecraft:small_amethyst_bud":1,"scalinghealth:deepslate_power_crystal_ore":1,"minecraft:deepslate_brick_stairs":20,"botania:brown_mystical_flower":1,"botania:light_blue_mystical_flower":1,"blue_skies:turquoise_stonebrick":1,"biomesoplenty:glowworm_silk":1,"graveyard:dark_iron_trapdoor":2,"minecraft:deepslate_brick_wall":25,"minecraft:smoker":1,"minecraft:soul_fire":2,"minecraft:amethyst_cluster":4,"minecraft:deepslate_tile_slab":57,"minecraft:torch":10,"minecraft:blast_furnace":18,"minecraft:melon":22,"minecraft:glass":16,"minecraft:amethyst_block":8,"minecraft:skeleton_skull":2,"minecraft:repeater":1,"minecraft:wheat":7,"vampirism:dark_spruce_leaves":1,"minecraft:magenta_bed":3,"minecraft:grass":56,"minecraft:stonecutter":1,"minecraft:piston":3,"minecraft:deepslate":2147,"minecraft:deepslate_tiles":13,"minecraft:dark_oak_log":4,"minecraft:spruce_fence":16,"minecraft:jungle_planks":9,"minecraft:stripped_jungle_wood":2,"graveyard:tg_deepslate":3,"minecraft:redstone_wire":5,"alexsmobs:leafcutter_ant_chamber":23,"minecraft:moss_block":2,"minecraft:snow":198,"minecraft:andesite":2,"minecraft:potatoes":2,"minecraft:vine":5,"minecraft:rail":3,"minecraft:bamboo":1,"minecraft:white_wool":7,"minecraft:glass_pane":2,"minecraft:soul_sand":1,"vampirism:altar_cleansing":1,"graveyard:tg_rooted_dirt":1,"minecraft:spruce_button":1,"botania:pink_mushroom":1,"minecraft:tall_grass":3,"minecraft:deepslate_gold_ore":89,"minecraft:cracked_deepslate_bricks":12,"minecraft:diorite":48,"minecraft:coarse_dirt":14,"graveyard:vase_block":4,"globalxp:xp_block":1,"minecraft:spruce_log":269,"minecraft:birch_leaves":23,"minecraft:gravel":4,"minecraft:cobweb":19,"minecraft:chipped_anvil":2,"minecraft:gold_ore":4,"minecraft:fern":18,"minecraft:large_amethyst_bud":2,"biomesoplenty:glowshroom":1,"minecraft:spruce_planks":59,"minecraft:oak_sapling":2,"minecraft:farmland":1,"comforts:rope_and_nail":4,"minecraft:sculk_vein":46,"minecraft:brewing_stand":1,"minecraft:budding_amethyst":2,"minecraft:grass_block":3568,"graveyard:dark_iron_door":1,"minecraft:gilded_blackstone":36,"minecraft:sculk_catalyst":4,"minecraft:iron_ore":69,"minecraft:anvil":2,"chococraft:gysahl_green":7,"minecraft:iron_bars":3,"minecraft:spruce_slab":15,"minecraft:deepslate_redstone_ore":2,"biomesoplenty:glowing_moss_carpet":2,"minecraft:polished_deepslate_stairs":4,"minecraft:medium_amethyst_bud":1,"minecraft:clay":4,"minecraft:chest":2,"farmersdelight:safety_net":3,"minecraft:mushroom_stem":9,"minecraft:cobblestone":56,"graveyard:skeleton_hand":1,"minecraft:grindstone":1,"minecraft:oak_planks":15,"minecraft:wall_torch":6,"minecraft:dark_oak_door":2,"minecraft:birch_log":7,"minecraft:tnt":2,"minecraft:cracked_deepslate_tiles":6,"biomesoplenty:clover":6,"minecraft:oak_log":29,"minecraft:sand":132,"minecraft:dirt":4743,"minecraft:wither_skeleton_skull":1,"minecraft:potted_red_tulip":1,"minecraft:netherrack":2,"minecraft:oak_leaves":132,"minecraft:redstone_lamp":17,"minecraft:crying_obsidian":2,"minecraft:tuff":27,"cfm:stripped_oak_table":3,"minecraft:deepslate_diamond_ore":4,"minecraft:stone_button":1,"vampirism:vampire_orchid":1,"minecraft:spruce_leaves":2306,"minecraft:large_fern":1,"minecraft:hay_block":3,"graveyard:soul_fire_brazier":1,"minecraft:deepslate_brick_slab":44,"minecraft:spruce_sapling":4,"minecraft:furnace":6,"minecraft:carrots":25,"minecraft:chiseled_deepslate":11,"minecraft:gold_block":2,"minecraft:polished_deepslate":1,"minecraft:bookshelf":55,"minecraft:deepslate_iron_ore":93,"biomesoplenty:mahogany_leaves":8,"minecraft:packed_ice":1,"minecraft:stone":2985,"farmersdelight:cooking_pot":1,"minecraft:acacia_leaves":2,"minecraft:snow_block":175,"vampirism:cursed_spruce_log":5,"minecraft:spruce_door":1,"minecraft:oak_fence":2,"minecraft:crafting_table":24,"minecraft:sculk_sensor":63,"minecraft:lectern":1,"minecraft:sculk":685,"botania:pink_mystical_flower":2,"minecraft:gray_wool":117,"minecraft:birch_planks":4,"biomesoplenty:mahogany_log":48,"minecraft:ice":2,"minecraft:yellow_bed":1,"minecraft:coal_ore":180,"minecraft:cocoa":1,"graveyard:leaning_skeleton":1,"minecraft:gray_carpet":13},"minecraft:used":{"alexsmobs:emu_egg":1,"minecraft:chiseled_deepslate":122,"minecraft:spruce_slab":154,"minecraft:chest":38,"minecraft:rotten_flesh":2,"securitycraft:keypad_item":5,"minecraft:cracked_deepslate_tiles":2,"minecraft:deepslate_brick_slab":50,"minecraft:snowball":28,"minecraft:lava_bucket":1,"minecraft:bow":160,"vampirism:dark_spruce_planks":1,"minecraft:dark_oak_boat":1,"minecraft:furnace":15,"minecraft:oak_sapling":24,"minecraft:egg":2,"minecraft:potato":6,"minecraft:deepslate_brick_wall":59,"minecraft:spruce_door":2,"minecraft:wooden_pickaxe":15,"blue_skies:turquoise_stonebrick":1,"minecraft:blast_furnace":18,"securitycraft:universal_block_remover":11,"minecraft:deepslate_brick_stairs":29,"minecraft:deepslate_tiles":6,"minecraft:stone_button":1,"minecraft:diamond_sword":2162,"globalxp:xp_block":2,"vampirism:altar_cleansing":2,"graveyard:dark_iron_block":1,"minecraft:enchanting_table":2,"minecraft:stone_sword":23,"minecraft:torch":190,"minecraft:brewing_stand":1,"minecraft:anvil":2,"minecraft:chipped_anvil":2,"minecraft:iron_axe":499,"minecraft:spruce_button":4,"tombstone:gift":7,"farmersdelight:cooking_pot":2,"minecraft:cobbled_deepslate":77,"minecraft:wheat_seeds":16,"minecraft:water_bucket":31,"minecraft:birch_planks":180,"minecraft:deepslate_bricks":1648,"minecraft:crafting_table":30,"botania:light_blue_mystical_flower":1,"minecraft:cake":1,"minecraft:spruce_log":215,"minecraft:deepslate_tile_wall":125,"minecraft:oak_log":113,"minecraft:diamond_pickaxe":1088,"minecraft:iron_pickaxe":1013,"minecraft:spruce_sapling":22,"minecraft:cobblestone":282,"minecraft:potion":1,"vanillaplustools:iron_hammer":658,"minecraft:glass_pane":127,"minecraft:jukebox":1,"minecraft:iron_shovel":1303,"minecraft:diamond_hoe":801,"vampirism:cursed_spruce_planks":8,"vampirism:heart_striker_enhanced":17,"minecraft:shield":113,"minecraft:iron_sword":249,"minecraft:stripped_jungle_wood":1,"comforts:hammock_white":1,"minecraft:iron_chestplate":2,"chococraft:chocobo_drumstick_cooked":2,"minecraft:jungle_planks":166,"minecraft:carrot":297,"minecraft:deepslate_tile_slab":263,"minecraft:axolotl_bucket":2,"minecraft:obsidian":1,"vanillaplustools:iron_shovel":1007,"minecraft:glass":46,"minecraft:iron_helmet":1,"minecraft:hay_block":1,"farmersdelight:safety_net":3,"minecraft:skeleton_skull":1,"minecraft:gray_carpet":6,"minecraft:stone_pickaxe":87,"minecraft:ender_pearl":14,"minecraft:diamond_axe":32,"minecraft:shears":1375,"waystones:waystone":4,"minecraft:acacia_door":3,"minecraft:dark_oak_log":1,"minecraft:bread":9,"minecraft:melon_slice":121,"tombstone:familiar_stone":3,"minecraft:grindstone":2,"chococraft:gysahl_green":1,"minecraft:coarse_dirt":1,"minecraft:bone_meal":207,"minecraft:golden_pickaxe":4,"minecraft:experience_bottle":5,"minecraft:flint_and_steel":37,"minecraft:cracked_deepslate_bricks":3,"securitycraft:keypad_chest":7,"minecraft:spruce_planks":164,"minecraft:dirt":5682,"scalinghealth:heart_crystal":36,"minecraft:spruce_fence":340,"minecraft:iron_hoe":188,"minecraft:dark_oak_planks":1,"minecraft:bookshelf":15,"minecraft:iron_boots":1,"scalinghealth:power_crystal":2,"minecraft:golden_carrot":83,"minecraft:deepslate_tile_stairs":43,"minecraft:cooked_beef":6,"minecraft:enchanted_golden_apple":1,"minecraft:iron_leggings":1,"minecraft:cooked_mutton":8,"minecraft:acacia_boat":5,"scalinghealth:chance_heart":4,"minecraft:stonecutter":2,"graveyard:soul_fire_brazier":1,"minecraft:magenta_bed":4,"tombstone:tablet_of_home":2,"minecraft:smoker":8,"minecraft:dark_oak_door":5,"tombstone:bag_of_seeds":2,"minecraft:piston":3,"minecraft:apple":3,"minecraft:stone_axe":91,"comforts:rope_and_nail":6,"minecraft:fishing_rod":7,"vampirism:cursed_spruce_log":1,"minecraft:bucket":36,"minecraft:pumpkin_pie":12,"minecraft:gray_wool":105},"minecraft:killed":{"vampirism:vampire":16,"vampirism:advanced_vampire":5,"graveyard:wraith":31,"minecraft:skeleton":45,"vampirism:blinding_bat":4,"graveyard:acolyte":2,"alexsmobs:leafcutter_ant":6,"minecraft:chicken":4,"vampirism:advanced_hunter":1,"alexsmobs:skelewag":1,"vampirism:vampire_baron":7,"alexsmobs:seal":1,"alexsmobs:flutter":1,"minecraft:zombie":141,"minecraft:cow":8,"chococraft:chocobo":3,"mca:female_zombie_villager":1,"mca:male_zombie_villager":1,"graveyard:nightmare":1,"graveyard:corrupted_vindicator":8,"alexsmobs:raccoon":1,"minecraft:endermite":1,"creeperoverhaul:snowy_creeper":1,"graveyard:ghoul":30,"minecraft:wandering_trader":2,"alexsmobs:crocodile":2,"creeperoverhaul:savannah_creeper":1,"minecraft:enderman":10,"minecraft:witch":2,"minecraft:spider":29,"artifacts:mimic":3,"minecraft:creeper":6,"vampirism:hunter":2,"minecraft:sheep":3,"minecraft:trader_llama":3,"alexsmobs:toucan":1,"alexsmobs:fly":1,"graveyard:corrupted_pillager":27,"graveyard:revenant":9,"minecraft:phantom":8,"alexsmobs:blue_jay":2,"alexsmobs:skreecher":1,"alexsmobs:emu":1,"alexsmobs:crow":1},"minecraft:custom":{"minecraft:interact_with_crafting_table":170,"minecraft:open_barrel":66,"goblintraders:trade_with_goblin":137,"minecraft:leave_game":14,"minecraft:time_since_death":978817,"minecraft:damage_blocked_by_shield":3988,"minecraft:play_time":1558041,"minecraft:deaths":4,"minecraft:jump":18945,"minecraft:enchant_item":9,"minecraft:interact_with_furnace":55,"minecraft:traded_with_villager":4,"minecraft:interact_with_cartography_table":1,"minecraft:sleep_in_bed":19,"minecraft:waystone_activated":11,"tombstone:sneak_grave":1,"minecraft:damage_dealt":161844,"tombstone:undead_killed":267,"minecraft:interact_with_smoker":17,"minecraft:horse_one_cm":7940,"minecraft:interact_with_anvil":3,"minecraft:sneak_time":152272,"minecraft:interact_with_lectern":1,"minecraft:interact_with_blast_furnace":21,"minecraft:total_world_time":1558041,"tombstone:raider_killed":10,"minecraft:interact_with_stonecutter":38,"minecraft:time_since_rest":14785,"minecraft:swim_one_cm":1089497,"minecraft:fly_one_cm":3158249,"minecraft:open_chest":1006,"minecraft:fish_caught":2,"minecraft:fall_one_cm":548509,"minecraft:animals_bred":7,"minecraft:damage_resisted":460,"minecraft:sprint_one_cm":3791882,"minecraft:drop":281,"minecraft:talked_to_villager":3,"minecraft:walk_on_water_one_cm":93549,"minecraft:crouch_one_cm":518377,"tombstone:villager_killed":2,"minecraft:mob_kills":451,"minecraft:damage_dealt_resisted":8482,"minecraft:climb_one_cm":17058,"minecraft:walk_one_cm":4916006,"minecraft:walk_under_water_one_cm":215422,"minecraft:boat_one_cm":451614,"minecraft:interact_with_grindstone":4,"minecraft:damage_taken":237888,"minecraft:damage_absorbed":131,"minecraft:trigger_trapped_chest":5}},"DataVersion":3120}