{"stats":{"minecraft:used":{"minecraft:iron_shovel":229,"minecraft:spruce_slab":97,"minecraft:poppy":1,"minecraft:chest":36,"cfm:stripped_spruce_chair":15,"minecraft:player_head":1,"minecraft:rotten_flesh":1,"minecraft:lily_of_the_valley":13,"minecraft:carrot":20,"minecraft:tuff":2,"minecraft:axolotl_bucket":1,"minecraft:snowball":35,"minecraft:glass":147,"vanillaplustools:iron_shovel":107,"minecraft:netherite_shovel":51,"minecraft:lantern":8,"minecraft:grass_block":883,"minecraft:blue_orchid":12,"minecraft:dark_oak_slab":12,"minecraft:stone_bricks":274,"biomesoplenty:mahogany_sapling":3,"farmersdelight:cutting_board":1,"minecraft:oak_sapling":136,"minecraft:furnace":8,"minecraft:dark_oak_stairs":60,"minecraft:mossy_stone_bricks":35,"minecraft:spruce_door":5,"minecraft:stone_pickaxe":340,"minecraft:oak_planks":3264,"minecraft:wooden_pickaxe":34,"elevatorid:elevator_white":2,"biomesoplenty:mahogany_door":8,"gardentools:cultivator":28,"minecraft:stone_brick_wall":6,"minecraft:shears":8,"waystones:waystone":3,"minecraft:dark_oak_log":18,"minecraft:bread":37,"minecraft:bone_meal":74,"biomesoplenty:mahogany_planks":15,"minecraft:netherite_sword":13,"minecraft:stone_sword":357,"minecraft:stone_shovel":325,"minecraft:spruce_planks":3312,"biomesoplenty:glowshroom":1,"vanillaplustools:stone_hammer":495,"minecraft:torch":256,"minecraft:dirt":4668,"scalinghealth:heart_crystal":2,"minecraft:granite":1,"minecraft:stone_brick_slab":77,"minecraft:dark_oak_planks":158,"minecraft:wooden_axe":84,"minecraft:red_tulip":13,"minecraft:iron_axe":892,"minecraft:oak_stairs":264,"minecraft:bamboo":11,"tombstone:gift":2,"minecraft:wheat_seeds":66,"minecraft:water_bucket":90,"minecraft:dirt_path":59,"minecraft:cobblestone_slab":332,"biomesoplenty:mahogany_log":8,"farmersdelight:onion":17,"minecraft:vine":7,"minecraft:oak_slab":259,"minecraft:crafting_table":16,"vanillaplustools:stone_shovel":556,"minecraft:white_bed":4,"minecraft:wooden_hoe":65,"minecraft:diamond_pickaxe":109,"chococraft:gysahl_green_seeds":2,"minecraft:iron_pickaxe":388,"minecraft:spruce_sapling":96,"minecraft:stone_axe":264,"scalinghealth:medkit":1,"minecraft:chiseled_stone_bricks":58,"cfm:stripped_oak_table":40,"minecraft:cobblestone":2811,"minecraft:porkchop":2,"minecraft:cooked_porkchop":3,"minecraft:bucket":68,"minecraft:glass_pane":32},"minecraft:custom":{"minecraft:animals_bred":2,"minecraft:interact_with_crafting_table":152,"minecraft:open_barrel":6,"goblintraders:trade_with_goblin":2,"minecraft:leave_game":14,"minecraft:time_since_death":169206,"minecraft:sprint_one_cm":4910413,"minecraft:drop":232,"minecraft:talked_to_villager":9,"minecraft:play_time":1230660,"minecraft:deaths":10,"minecraft:jump":17239,"minecraft:interact_with_brewingstand":1,"minecraft:walk_on_water_one_cm":34232,"minecraft:interact_with_furnace":42,"minecraft:sleep_in_bed":23,"minecraft:waystone_activated":4,"minecraft:damage_dealt":27068,"minecraft:crouch_one_cm":83866,"tombstone:undead_killed":35,"minecraft:interact_with_smoker":3,"minecraft:horse_one_cm":21742,"minecraft:mob_kills":88,"minecraft:damage_dealt_resisted":999,"minecraft:climb_one_cm":16736,"minecraft:walk_one_cm":6222029,"minecraft:sneak_time":17341,"minecraft:walk_under_water_one_cm":15241,"minecraft:total_world_time":1230660,"minecraft:time_since_rest":65365,"minecraft:damage_taken":446581,"minecraft:swim_one_cm":7823,"minecraft:fly_one_cm":3742338,"minecraft:open_chest":250,"minecraft:fall_one_cm":441744},"minecraft:broken":{"minecraft:iron_shovel":1,"minecraft:iron_boots":1,"minecraft:iron_chestplate":1,"minecraft:iron_leggings":1,"minecraft:stone_pickaxe":2,"minecraft:stone_axe":4,"minecraft:wooden_axe":1,"minecraft:stone_shovel":2,"minecraft:stone_sword":2,"vanillaplustools:stone_hammer":4,"minecraft:iron_axe":11,"minecraft:leather_boots":1,"minecraft:iron_helmet":1,"vanillaplustools:stone_shovel":2},"minecraft:picked_up":{"minecraft:iron_chestplate":1,"minecraft:wheat":49,"minecraft:oak_stairs":9,"minecraft:string":32,"minecraft:raw_copper":161,"graveyard:sarcophagus":2,"vampirism:cursed_spruce_planks":1,"vanillaplustools:stone_shovel":1,"minecraft:cobbled_deepslate":89,"minecraft:bucket":1,"minecraft:spruce_planks":124,"minecraft:cobblestone_slab":24,"cfm:stripped_spruce_chair":3,"minecraft:iron_pickaxe":1,"minecraft:melon_slice":35,"minecraft:iron_boots":1,"minecraft:furnace":2,"minecraft:beehive":1,"minecraft:stick":210,"minecraft:big_dripleaf":3,"minecraft:torch":123,"minecraft:porkchop":9,"vampirism:vampire_fang":2,"minecraft:diorite":40,"tombstone:grave_dust":4,"minecraft:dirt_path":1,"minecraft:stone_sword":1,"vampirism:blood_bottle":4,"minecraft:rotten_flesh":39,"minecraft:tropical_fish":1,"artifacts:villager_hat":1,"farmersdelight:tree_bark":41,"farmersdelight:onion":21,"biomesoplenty:mahogany_sapling":15,"chococraft:chocobo_drumstick_raw":1,"artifacts:panic_necklace":1,"minecraft:deepslate_brick_stairs":7,"minecraft:snowball":66,"minecraft:cobblestone":5745,"minecraft:water_bucket":1,"minecraft:andesite":27,"minecraft:jungle_log":32,"biomesoplenty:glowshroom":1,"minecraft:potato":5,"alexsmobs:bison_fur":4,"minecraft:flint":1,"minecraft:tuff":10,"minecraft:lapis_lazuli":86,"minecraft:dirt":4432,"minecraft:leather_boots":1,"minecraft:bone":20,"minecraft:wheat_seeds":186,"minecraft:raw_gold":9,"minecraft:bamboo":11,"minecraft:oak_planks":219,"biomesoplenty:mahogany_planks":65,"botania:red_mystical_flower":3,"minecraft:music_disc_13":1,"botania:yellow_double_flower":1,"minecraft:jungle_planks":59,"minecraft:sand":207,"minecraft:stripped_spruce_log":14,"minecraft:grass_block":4,"minecraft:dark_oak_log":151,"mining_helmet:mining_helmet":1,"minecraft:diamond":1,"minecraft:soul_lantern":1,"minecraft:granite":63,"minecraft:bone_meal":7,"minecraft:emerald":6,"scalinghealth:cursed_heart":1,"minecraft:bread":72,"alexsmobs:maggot":2,"minecraft:oak_sapling":143,"minecraft:oak_leaves":7,"minecraft:diamond_pickaxe":2,"minecraft:cocoa_beans":18,"minecraft:crafting_table":5,"minecraft:allium":21,"minecraft:azure_bluet":9,"minecraft:chest_minecart":1,"minecraft:wooden_pickaxe":1,"minecraft:stone_brick_wall":1,"minecraft:iron_shovel":1,"minecraft:blue_orchid":2,"minecraft:beef":36,"minecraft:player_head":1,"minecraft:poppy":2,"minecraft:spruce_slab":18,"minecraft:sugar_cane":4,"minecraft:birch_sapling":7,"minecraft:egg":5,"minecraft:dark_oak_sapling":6,"minecraft:raw_iron":94,"farmersdelight:tomato_seeds":16,"botania:lime_double_flower":1,"minecraft:carrot":27,"minecraft:redstone":31,"alexsmobs:leafcutter_ant_pupa":1,"minecraft:brown_dye":2,"minecraft:dark_oak_planks":45,"botania:overgrowth_seed":1,"botania:lime_mystical_flower":1,"minecraft:arrow":18,"minecraft:peony":1,"botania:blue_mystical_flower":2,"tombstone:essence_of_undeath":1,"minecraft:white_wool":21,"minecraft:rail":82,"minecraft:bone_block":2,"minecraft:oxeye_daisy":2,"minecraft:stripped_oak_log":27,"minecraft:glow_ink_sac":1,"minecraft:oak_log":975,"scalinghealth:bandages":4,"minecraft:gunpowder":13,"scalinghealth:heart_crystal":4,"minecraft:wooden_hoe":1,"scalinghealth:medkit":3,"botania:light_blue_mystical_flower":1,"cfm:stripped_oak_table":4,"chococraft:chocobo_feather":15,"chococraft:gysahl_green":4,"minecraft:apple":26,"minecraft:iron_ingot":1,"minecraft:stone_pickaxe":1,"minecraft:cobweb":9,"tombstone:bag_of_seeds":1,"minecraft:glass_bottle":3,"minecraft:dark_oak_stairs":7,"minecraft:book":2,"minecraft:oak_slab":6,"minecraft:scaffolding":2,"minecraft:smooth_basalt":5,"minecraft:dark_oak_slab":5,"minecraft:dandelion":2,"minecraft:gravel":7,"minecraft:spruce_sapling":127,"chococraft:gysahl_green_seeds":14,"minecraft:white_bed":3,"minecraft:spruce_log":966,"biomesoplenty:glowing_moss_block":1,"minecraft:spider_eye":14,"biomesoplenty:mahogany_log":142,"biomesoplenty:mahogany_door":6,"minecraft:stone_axe":3,"minecraft:iron_helmet":1,"vanillaplustools:stone_hammer":1,"minecraft:terracotta":1,"minecraft:coal":280,"minecraft:ender_pearl":4},"minecraft:killed_by":{"minecraft:player":2,"minecraft:spider":1},"minecraft:mined":{"minecraft:dark_oak_planks":46,"biomesoplenty:glowshroom":1,"minecraft:spruce_planks":98,"minecraft:white_bed":3,"minecraft:oak_sapling":3,"minecraft:cobbled_deepslate_stairs":1,"botania:red_mystical_flower":3,"biomesoplenty:mahogany_door":4,"minecraft:granite":54,"minecraft:grass_block":2168,"minecraft:iron_ore":25,"minecraft:cobbled_deepslate":7,"botania:lime_double_flower":1,"minecraft:dark_oak_stairs":7,"chococraft:gysahl_green":1,"minecraft:dirt_path":1,"minecraft:oak_stairs":9,"minecraft:deepslate_brick_stairs":3,"minecraft:spruce_slab":26,"minecraft:deepslate_redstone_ore":8,"minecraft:player_wall_head":1,"minecraft:soul_lantern":1,"minecraft:torch":41,"minecraft:melon":8,"minecraft:glass":1,"minecraft:cobblestone":211,"botania:blue_mystical_flower":2,"minecraft:sugar_cane":1,"minecraft:oak_planks":151,"minecraft:wall_torch":20,"minecraft:dark_oak_slab":8,"minecraft:wheat":5,"minecraft:grass":209,"biomesoplenty:clover":142,"minecraft:oak_log":80,"minecraft:sand":175,"minecraft:dirt":2412,"minecraft:oak_leaves":98,"minecraft:deepslate":28,"vampirism:cursed_spruce_planks":1,"biomesoplenty:glowing_moss_block":1,"minecraft:tuff":1,"farmersdelight:onions":2,"cfm:stripped_oak_table":4,"minecraft:dark_oak_leaves":2,"farmersdelight:wild_carrots":15,"minecraft:dark_oak_log":3,"minecraft:allium":2,"minecraft:spruce_leaves":99,"minecraft:moss_block":2,"farmersdelight:wild_onions":12,"minecraft:spruce_sapling":2,"minecraft:furnace":2,"minecraft:snow":65,"cfm:stripped_spruce_chair":3,"minecraft:big_dripleaf_stem":1,"graveyard:sarcophagus":2,"minecraft:cobblestone_slab":24,"minecraft:deepslate_iron_ore":19,"biomesoplenty:mahogany_leaves":20,"minecraft:vine":2,"minecraft:rail":83,"minecraft:bamboo":3,"minecraft:stone":4032,"minecraft:oak_slab":4,"botania:lime_mystical_flower":1,"minecraft:crafting_table":5,"botania:yellow_double_flower":1,"biomesoplenty:mahogany_planks":15,"minecraft:tall_grass":1,"minecraft:copper_ore":20,"biomesoplenty:huge_clover_petal":21,"biomesoplenty:sprout":2,"minecraft:lapis_ore":11,"minecraft:diorite":14,"biomesoplenty:mahogany_log":138,"minecraft:ice":5,"minecraft:spruce_log":62,"minecraft:coal_ore":214,"minecraft:gravel":2,"minecraft:gold_ore":5,"minecraft:fern":4},"minecraft:dropped":{"minecraft:oak_log":1,"biomesoplenty:mahogany_planks":75,"minecraft:jungle_planks":60,"alexsmobs:bison_fur":2,"minecraft:dirt":795,"minecraft:snowball":31,"farmersdelight:onion":5,"minecraft:bone_meal":22,"minecraft:gold_ingot":2,"minecraft:bone":1,"minecraft:stone_axe":3,"botania:lime_double_flower":1,"vanillaplustools:stone_shovel":2,"minecraft:cobbled_deepslate":91,"minecraft:wheat":3,"tombstone:gift":1,"minecraft:rotten_flesh":32,"minecraft:oak_planks":80,"vampirism:blood_bottle":1,"minecraft:azure_bluet":8,"minecraft:carrot":3,"vanillaplustools:stone_hammer":3,"minecraft:glass":4,"minecraft:arrow":11,"minecraft:beef":17,"biomesoplenty:mahogany_sapling":1,"biomesoplenty:mahogany_log":47,"minecraft:bread":30,"minecraft:wheat_seeds":35,"scalinghealth:cursed_heart":1,"minecraft:cobblestone":159,"chococraft:gysahl_green_seeds":1,"minecraft:granite":14,"vanillaplustools:iron_shovel":1,"minecraft:coal":40,"botania:light_blue_mystical_flower":1,"minecraft:stick":19,"scalinghealth:medkit":2,"minecraft:cobweb":9,"minecraft:deepslate_brick_stairs":7,"minecraft:torch":11,"minecraft:wooden_hoe":1,"chococraft:chocobo_drumstick_raw":1,"tombstone:grave_dust":1,"minecraft:iron_shovel":1,"minecraft:string":18,"minecraft:bucket":2,"minecraft:spruce_sapling":1,"alexsmobs:maggot":2,"minecraft:brown_dye":2,"minecraft:stone_sword":1,"botania:yellow_double_flower":1,"minecraft:raw_copper":71,"minecraft:cocoa_beans":18,"chococraft:chocobo_feather":8,"minecraft:allium":18,"minecraft:spruce_planks":380,"minecraft:diamond_pickaxe":2,"minecraft:oak_sapling":2,"minecraft:spruce_log":6,"minecraft:stone_pickaxe":1,"scalinghealth:bandages":2,"chococraft:gysahl_green":4},"minecraft:killed":{"vampirism:vampire":5,"vampirism:advanced_vampire":2,"minecraft:spider":26,"minecraft:skeleton":9,"minecraft:pig":2,"minecraft:creeper":3,"minecraft:zombie":23,"mca:female_zombie_villager":1,"mca:male_zombie_villager":1,"alexsmobs:raccoon":1,"graveyard:revenant":1,"alexsmobs:bison":3,"minecraft:enderman":6},"minecraft:crafted":{"minecraft:oak_planks":3705,"minecraft:cobblestone_slab":360,"cfm:stripped_spruce_chair":12,"minecraft:glass":163,"minecraft:chest":33,"vanillaplustools:stone_shovel":5,"minecraft:oak_slab":258,"minecraft:cooked_porkchop":3,"minecraft:crafting_table":11,"minecraft:spruce_planks":3712,"minecraft:wooden_pickaxe":1,"minecraft:spruce_door":6,"farmersdelight:cutting_board":1,"minecraft:dark_oak_slab":60,"minecraft:wooden_hoe":2,"minecraft:stick":236,"cfm:stripped_oak_table":36,"minecraft:iron_ingot":69,"minecraft:iron_pickaxe":1,"minecraft:stone_sword":3,"minecraft:gold_ingot":6,"minecraft:shears":1,"minecraft:stone_shovel":48,"vanillaplustools:stone_hammer":6,"biomesoplenty:mahogany_planks":164,"vanillaplustools:iron_shovel":1,"minecraft:furnace":6,"minecraft:bone_meal":69,"minecraft:glass_pane":32,"minecraft:iron_axe":11,"minecraft:spruce_slab":186,"minecraft:stone_pickaxe":58,"minecraft:dark_oak_planks":470,"elevatorid:elevator_white":2,"minecraft:dark_oak_stairs":60,"gardentools:cultivator":1,"biomesoplenty:mahogany_wood":3,"minecraft:bucket":2,"minecraft:stone_axe":5,"minecraft:air":0,"minecraft:jungle_planks":8,"minecraft:white_wool":1,"biomesoplenty:mahogany_door":3,"minecraft:oak_stairs":256,"minecraft:wooden_axe":2,"minecraft:iron_shovel":10,"minecraft:iron_leggings":1,"minecraft:white_bed":1,"minecraft:torch":204,"minecraft:golden_hoe":1}},"DataVersion":3120}